Rk,Player,WAR/pos,WAA/pos,From,To,Age,G,PA,AB,R,H,2B,3B,HR,RBI,BB,IBB,SO,HBP,SH,SF,GDP,SB,CS,BA,OBP,SLG,OPS,Pos,Tm
1,Hank Aaron\aaronha01,143.1,93.0,1954,1976,20-42,3298,13941,12364,2174,3771,624,98,755,2297,1402,293,1383,32,21,121,328,240,73,.305,.374,.555,.928,*9783DH/45,MLN-ATL-MIL
2,Pete Alexander\alexape01,3.0,3.0,1911,1930,24-43,703,1981,1810,154,378,60,13,11,163,77,,276,2,88,,,3,5,.209,.242,.275,.517,*1/H7,PHI-CHC-STL
3,Roberto Alomar\alomaro01,67.0,32.5,1988,2004,20-36,2379,10400,9073,1508,2724,504,80,210,1134,1032,62,1140,50,148,97,206,474,114,.300,.371,.443,.814,*4/HD6,SDP-TOR-BAL-CLE-NYM-CHW-ARI
4,Cap Anson\ansonca01,94.4,55.4,1871,1897,19-45,2524,11331,10281,1999,3435,582,142,97,2075,984,,330,32,34,,6,277,16,.334,.394,.447,.841,*352/794681,ROK-ATH-CHC
5,Luis Aparicio\aparilu01,55.9,20.5,1956,1973,22-39,2599,11231,10230,1335,2677,394,92,83,791,736,22,742,27,161,76,184,506,136,.262,.311,.343,.653,*6/H,CHW-BAL-BOS
6,Luke Appling\applilu01,77.1,44.1,1930,1950,23-43,2422,10254,8856,1319,2749,440,102,45,1116,1302,33,528,11,74,,129,179,108,.310,.399,.398,.798,*6/5H43,CHW
7,Richie Ashburn\ashburi01,64.4,29.2,1948,1962,21-35,2189,9737,8365,1322,2574,317,109,29,586,1198,40,571,43,112,18,83,234,117,.308,.396,.382,.778,*8H/794,PHI-CHC-NYM
8,Earl Averill\averiea01,51.1,25.9,1929,1941,27-39,1669,7221,6353,1224,2019,401,128,238,1164,774,0,518,33,55,,7,70,58,.318,.395,.534,.928,*8/7H9,CLE-DET-BSN
9,Jeff Bagwell\bagweje01,79.9,52.0,1991,2005,23-37,2150,9431,7797,1517,2314,488,32,449,1529,1401,155,1558,128,3,102,221,202,78,.297,.408,.540,.948,*3/HD9,HOU
10,Harold Baines\baineha01,38.7,1.8,1980,2001,21-42,2830,11092,9908,1299,2866,488,49,384,1628,1062,187,1441,14,9,99,298,34,34,.289,.356,.465,.820,*D9H/87,CHW-TEX-OAK-BAL-CLE
11,Home Run Baker\bakerfr01,62.7,36.9,1908,1922,22-36,1575,6677,5984,887,1838,315,103,96,991,473,,344,50,153,,,235,54,.307,.363,.442,.805,*5/H,PHA-NYY
12,Dave Bancroft\bancrda01,49.1,23.7,1915,1930,24-39,1913,8250,7182,1048,2004,320,77,32,591,827,,487,23,212,,,145,75,.279,.355,.358,.714,*6/H457,PHI-NYG-BSN-BRO
13,Ernie Banks\bankser01,67.8,28.8,1953,1971,22-40,2528,10396,9421,1305,2583,407,90,512,1636,763,202,1236,70,45,96,229,50,53,.274,.330,.500,.830,36/H57,CHC
14,Jake Beckley\becklja01,61.7,26.5,1888,1907,20-39,2392,10518,9551,1603,2938,473,244,87,1581,616,,526,183,167,,,315,,.308,.361,.436,.797,*3/87H941,PIT-PBB-NYG-CIN-STL
15,Johnny Bench\benchjo01,75.2,46.7,1967,1983,19-35,2158,8674,7658,1091,2048,381,24,389,1376,891,135,1278,19,11,90,201,68,43,.267,.342,.476,.817,*253H/798,CIN
16,Chief Bender\bendech01,5.2,4.9,1903,1925,19-41,507,1287,1147,102,243,40,10,6,116,75,,160,10,42,,,20,2,.212,.266,.280,.546,*1/H38745,PHA-BAL-PHI-CHW
17,Yogi Berra\berrayo01,59.5,34.1,1946,1965,21-40,2120,8364,7555,1175,2150,321,49,358,1430,704,91,414,52,9,44,146,30,26,.285,.348,.482,.830,*2H79/35,NYY-NYM
18,Craig Biggio\biggicr01,65.5,29.1,1988,2007,22-41,2850,12504,10876,1844,3060,668,55,291,1175,1160,68,1753,285,101,81,150,414,124,.281,.363,.433,.796,*4287/HD9,HOU
19,Wade Boggs\boggswa01,91.4,57.4,1982,1999,24-41,2439,10740,9180,1513,3010,578,61,118,1014,1412,180,745,23,29,96,236,24,35,.328,.415,.443,.858,*5DH/317,BOS-NYY-TBD
20,Jim Bottomley\bottoji01,35.0,8.7,1922,1937,22-37,1991,8358,7471,1177,2313,465,151,219,1422,664,,591,43,177,,33,58,15,.310,.369,.500,.869,*3H/4,STL-CIN-SLB
21,Lou Boudreau\boudrlo01,63.0,42.2,1938,1952,20-34,1646,7025,6029,861,1779,385,66,68,789,796,40,309,34,164,,155,51,50,.295,.380,.415,.795,*6/5H324,CLE-BOS
22,Roger Bresnahan\bresnro01,42.1,24.3,1897,1915,18-36,1446,5386,4481,682,1252,218,71,26,530,714,,403,67,112,,,212,4,.279,.386,.377,.764,*28/H5934716,WHS-BLA-NYG-STL-CHC
23,George Brett\brettge01,88.6,50.6,1973,1993,20-40,2707,11625,10349,1583,3154,665,137,317,1596,1096,229,908,33,26,120,235,201,97,.305,.369,.487,.857,*5D3/H796,KCR
24,Lou Brock\brocklo01,45.4,8.4,1961,1979,22-40,2616,11240,10332,1610,3023,486,141,149,900,761,124,1730,49,47,46,114,938,307,.293,.343,.410,.753,*79H8,CHC-STL
25,Dan Brouthers\broutda01,79.8,55.1,1879,1904,21-46,1676,7691,6726,1529,2303,462,206,107,1301,840,,238,105,20,,,257,,.342,.423,.520,.943,*3/7195H,TRO-BUF-DTN-BSN-BOS-BRO-LOU-BLN-PHI-NYG
26,Mordecai Brown\brownmo01,1.1,1.1,1903,1916,26-39,493,1244,1143,93,235,20,11,2,73,44,,199,1,49,,,8,0,.206,.236,.248,.483,*1/H798,STL-CHC-CIN-BTT-SLM-CHI
27,Jesse Burkett\burkeje01,62.8,30.6,1890,1905,21-36,2067,9629,8426,1720,2850,320,182,75,952,1029,,613,75,90,,,389,,.338,.415,.446,.861,*79/18645,NYG-CLV-STL-SLB-BOS
28,Roy Campanella\camparo01,35.6,17.1,1948,1957,26-35,1215,4816,4205,627,1161,178,18,242,856,533,113,501,30,30,18,143,25,20,.276,.360,.500,.860,*2/H,BRO
29,Rod Carew\carewro01,81.3,46.2,1967,1985,21-39,2469,10550,9315,1424,3053,445,112,92,1015,1018,144,1028,25,128,64,216,353,187,.328,.393,.429,.822,34H/D657,MIN-CAL
30,Max Carey\careyma01,54.5,21.7,1910,1929,20-39,2476,10772,9363,1545,2665,419,159,70,802,1040,,695,77,290,,,738,109,.285,.361,.386,.747,*879/H,PIT-BRO
31,Gary Carter\cartega01,70.1,40.1,1974,1992,20-38,2296,9019,7971,1025,2092,371,31,324,1225,848,106,997,68,33,99,180,39,42,.262,.335,.439,.773,*29H/375,MON-NYM-SFG-LAD
32,Orlando Cepeda\cepedor01,50.1,18.1,1958,1974,20-36,2124,8699,7927,1131,2351,417,27,379,1365,588,154,1169,102,4,74,218,142,80,.297,.350,.499,.849,*37D/H95,SFG-STL-ATL-OAK-BOS-KCR
33,Frank Chance\chancfr01,45.8,28.4,1898,1914,21-37,1288,5135,4299,798,1274,200,79,20,596,556,,320,137,111,,,403,0,.296,.394,.394,.788,*32/9H78,CHC-NYY
34,Jack Chesbro\chesbja01,0.2,0.2,1899,1909,25-35,393,1155,1103,85,217,37,13,5,82,25,,269,2,21,,,5,,.197,.216,.267,.483,*1/39H,PIT-NYY-BOS
35,Fred Clarke\clarkfr01,67.8,35.2,1894,1915,21-42,2246,9860,8584,1622,2678,361,220,67,1015,875,,511,154,225,,,509,0,.312,.386,.429,.814,*7/H9685,LOU-PIT
36,John Clarkson\clarkjo01,-1.8,-2.0,1882,1894,20-32,546,2060,1974,254,432,73,26,24,232,81,,382,1,4,,,31,,.219,.250,.319,.569,*1/97538,WOR-CHC-BSN-CLV
37,Roberto Clemente\clemero01,94.8,57.2,1955,1972,20-37,2433,10212,9454,1416,3000,440,166,240,1305,621,167,1230,35,36,66,275,83,46,.317,.359,.475,.834,*9/H8745,PIT
38,Ty Cobb\cobbty01,151.0,101.9,1905,1928,18-41,3034,13103,11440,2245,4189,724,295,117,1944,1249,,680,94,292,,,897,212,.366,.433,.512,.944,*89/H73415,DET-PHA
39,Mickey Cochrane\cochrmi01,49.1,26.5,1925,1937,22-34,1482,6211,5169,1041,1652,333,64,119,830,857,,217,29,151,,,64,45,.320,.419,.478,.897,*2/H7,PHA-DET
40,Eddie Collins\collied01,123.9,78.8,1906,1930,19-43,2826,12087,9949,1821,3315,438,187,47,1299,1499,,467,77,512,,,741,195,.333,.424,.429,.853,*4H/69875,PHA-CHW
41,Jimmy Collins\colliji01,53.4,26.6,1895,1908,25-38,1725,7460,6795,1055,1999,352,116,65,983,426,,266,84,147,,,194,,.294,.343,.409,.752,*5/9H864,LOU-BSN-BOS-PHA
42,Earle Combs\combsea01,43.9,21.0,1924,1935,25-36,1455,6514,5746,1186,1866,309,154,58,633,670,,278,17,74,,,98,71,.325,.397,.462,.859,*87/H9,NYY
43,Roger Connor\connoro01,84.3,54.2,1880,1897,22-39,1998,8847,7797,1620,2467,441,233,138,1323,1002,,455,39,9,,,244,,.316,.397,.486,.883,*35/4879,TRO-NYG-NYI-PHI-STL
44,Sam Crawford\crawfsa01,75.3,34.9,1899,1917,19-37,2517,10625,9570,1391,2961,458,309,97,1523,760,,580,23,241,,,367,43,.309,.362,.452,.814,*9837/H,CIN-DET
45,Joe Cronin\cronijo01,64.1,33.6,1926,1945,19-38,2124,8840,7579,1233,2285,515,118,170,1424,1059,12,700,34,166,,57,87,71,.301,.390,.468,.857,*6H/5347,PIT-WSH-BOS
46,Kiki Cuyler\cuyleki01,47.0,21.5,1921,1938,22-39,1879,8100,7161,1305,2299,394,157,128,1065,676,,752,85,176,,53,328,27,.321,.386,.474,.860,987/H,PIT-CHC-CIN-BRO
47,George Davis\davisge01,84.7,48.4,1890,1909,19-38,2372,10186,9045,1545,2665,453,163,73,1440,874,,613,75,184,,,619,,.295,.362,.405,.767,*6584/93H71,CLV-NYG-CHW
48,Andre Dawson\dawsoan01,64.8,29.2,1976,1996,21-41,2627,10769,9927,1373,2774,503,98,438,1591,589,143,1509,111,24,118,217,314,109,.279,.323,.482,.806,98DH/7,MON-CHC-BOS-FLA
49,Ed Delahanty\delahed01,69.6,41.9,1888,1903,20-35,1837,8402,7510,1600,2597,522,186,101,1466,742,,439,94,54,,,456,,.346,.411,.505,.917,*7384/695,CLE-PHI-WSH
50,Bill Dickey\dickebi01,57.3,33.0,1928,1946,21-39,1789,7065,6300,930,1969,343,72,202,1209,678,26,289,31,51,,49,36,32,.313,.382,.486,.868,*2H,NYY
51,Joe DiMaggio\dimagjo01,79.1,55.6,1936,1951,21-36,1736,7672,6821,1390,2214,389,131,361,1537,790,74,369,46,14,,130,30,9,.325,.398,.579,.977,*8/79H3,NYY
52,Larry Doby\dobyla01,49.3,30.3,1947,1959,23-35,1533,6302,5348,960,1515,243,52,253,970,871,60,1011,38,20,25,97,47,36,.283,.386,.490,.876,*89/H7436,CLE-CHW-DET
53,Bobby Doerr\doerrbo01,51.1,26.8,1937,1951,19-33,1865,8030,7093,1094,2042,381,89,223,1247,809,43,608,11,115,,187,54,64,.288,.362,.461,.823,*4/H,BOS
54,Hugh Duffy\duffyhu01,43.1,18.0,1888,1906,21-39,1737,7842,7044,1554,2293,325,119,106,1302,664,,268,29,104,,,574,,.326,.386,.451,.837,879/64H532,CHC-CHI-BOS-BSN-MLA-PHI
55,Dennis Eckersley\eckerde01,-0.2,-0.2,1977,1997,22-42,218,196,181,9,24,3,0,3,12,9,0,84,0,5,1,1,0,0,.133,.173,.199,.372,*1/HD,CLE-CHC-OAK-STL
56,Johnny Evers\eversjo01,47.7,24.2,1902,1929,20-47,1784,7230,6137,919,1659,216,70,12,536,778,,293,39,256,,,324,26,.270,.356,.334,.690,*4/65H9,CHC-PHI-BSN-CHW
57,Buck Ewing\ewingbu01,48.0,28.5,1880,1897,20-37,1315,5772,5363,1129,1625,250,178,71,883,392,,294,9,8,,,354,,.303,.351,.456,.807,2395/46871,TRO-NYG-NYI-CLV-CIN
58,Rick Ferrell\ferreri01,31.1,7.2,1929,1947,23-41,1884,7076,6028,687,1692,324,45,28,734,931,23,277,10,103,,55,29,35,.281,.378,.363,.741,*2/H,SLB-BOS-WSH
59,Carlton Fisk\fiskca01,68.4,35.3,1969,1993,21-45,2499,9853,8756,1276,2356,421,47,376,1330,849,105,1386,143,26,79,204,128,58,.269,.341,.457,.797,*2DH/735,BOS-CHW
60,Elmer Flick\flickel01,53.0,29.6,1898,1910,22-34,1483,6431,5597,950,1752,268,164,48,756,597,,567,99,121,,,330,,.313,.389,.445,.834,*98/4H7,PHI-PHA-CLE
61,Nellie Fox\foxne01,49.5,18.9,1947,1965,19-37,2367,10351,9232,1279,2663,355,112,35,790,719,30,216,142,208,48,175,76,80,.288,.348,.363,.710,*4/H53,PHA-CHW-HOU
62,Jimmie Foxx\foxxji01,93.1,59.9,1925,1945,17-37,2317,9677,8134,1751,2646,458,125,534,1922,1452,16,1311,13,71,,69,87,76,.325,.428,.609,1.038,*3H52/7916,PHA-BOS-CHC-PHI
63,Frankie Frisch\friscfr01,70.8,39.5,1919,1937,21-39,2311,10101,9112,1532,2880,466,138,105,1244,728,,272,31,229,,55,419,74,.316,.369,.432,.801,*45/6H,NYG-STL
64,Lou Gehrig\gehrilo01,114.1,80.2,1923,1939,20-36,2164,9665,8001,1888,2721,534,163,493,1995,1508,,790,45,106,,2,102,100,.340,.447,.632,1.080,*3/H976,NYY
65,Charlie Gehringer\gehrich01,83.8,48.5,1924,1942,21-39,2323,10245,8860,1775,2839,574,146,184,1427,1186,5,372,50,141,,27,181,90,.320,.404,.480,.884,*4H/35,DET
66,Joe Gordon\gordojo01,55.7,35.8,1938,1950,23-35,1566,6537,5707,914,1530,264,52,253,975,759,66,702,29,41,,159,89,60,.268,.357,.466,.822,*4/3H6,NYY-CLE
67,Goose Goslin\gosligo01,66.2,30.6,1921,1938,20-37,2287,9830,8656,1482,2735,500,173,248,1612,949,,585,55,162,,,176,89,.316,.387,.500,.887,*79H/835,WSH-SLB-DET
68,Rich Gossage\gossari01,-0.5,-0.5,1972,1994,20-42,388,93,85,1,9,1,0,0,2,4,0,37,0,4,0,2,0,0,.106,.146,.118,.264,*1/HD,CHW-PIT-NYY-SDP-CHC-SFG-OAK-SEA
69,Hank Greenberg\greenha01,55.7,35.1,1930,1947,19-36,1394,6098,5193,1046,1628,379,71,331,1274,852,24,844,16,35,,66,58,30,.313,.412,.605,1.017,*37/H,DET-PIT
70,Ken Griffey Jr.\griffke02,83.8,46.8,1989,2010,19-40,2671,11304,9801,1662,2781,524,38,630,1836,1312,246,1779,81,8,102,199,184,69,.284,.370,.538,.907,*89DH/73,SEA-CIN-CHW
71,Vladimir Guerrero\guerrvl01,59.5,29.5,1996,2011,21-36,2147,9059,8155,1328,2590,477,46,449,1496,737,250,985,103,0,64,277,181,94,.318,.379,.553,.931,*9D/H87,MON-ANA-LAA-TEX-BAL
72,Tony Gwynn\gwynnto01,69.2,36.8,1982,2001,22-41,2440,10232,9288,1383,3141,543,85,135,1138,790,203,434,24,45,85,259,319,125,.338,.388,.459,.847,*98H/7D,SDP
73,Chick Hafey\hafeych01,31.1,14.8,1924,1937,21-34,1283,5116,4625,777,1466,341,67,164,833,372,,477,33,83,,28,70,7,.317,.372,.526,.898,*789H,STL-CIN
74,Jesse Haines\haineje01,-3.2,-3.2,1918,1937,24-43,560,1215,1124,76,209,23,2,3,79,30,,246,1,59,,1,2,0,.186,.208,.218,.426,*1/H3,CIN-STL
75,Billy Hamilton\hamilbi01,63.3,39.4,1888,1901,22-35,1594,7609,6283,1697,2164,242,95,40,742,1189,,362,89,47,,,914,,.344,.455,.432,.888,*879,KCC-PHI-BSN
76,Gabby Hartnett\hartnga01,56.9,33.1,1922,1941,21-40,1990,7300,6432,867,1912,396,64,236,1179,703,1,697,35,127,,93,28,8,.297,.370,.489,.858,*2H/3,CHC-NYG
77,Harry Heilmann\heilmha01,72.1,38.6,1914,1932,19-37,2147,8972,7787,1291,2660,542,151,183,1543,856,,550,40,277,,,113,64,.342,.410,.520,.930,*93H/847,DET-CIN
78,Rickey Henderson\henderi01,111.2,68.9,1979,2003,20-44,3081,13346,10961,2295,3055,510,66,297,1115,2190,61,1694,98,30,67,172,1406,335,.279,.401,.419,.820,*78HD/9,NYY-TOR-OAK-ANA-NYM-SEA-SDP-BOS-LAD
79,Billy Herman\hermabi01,56.0,27.8,1931,1947,21-37,1922,8641,7707,1163,2345,486,82,47,839,737,24,428,26,171,,191,67,16,.304,.367,.407,.774,*4/53H,CHC-BSN-BRO-PIT
80,Harry Hooper\hoopeha01,53.2,15.4,1909,1925,21-37,2309,10277,8785,1429,2466,389,160,75,816,1136,,582,76,247,,,375,141,.281,.368,.387,.755,*9/7H81,BOS-CHW
81,Rogers Hornsby\hornsro01,127.1,97.6,1915,1937,19-41,2259,9481,8173,1579,2930,541,169,301,1584,1038,,679,48,216,,3,135,64,.358,.434,.577,1.010,*465H/3978,STL-NYG-BSN-CHC-SLB
82,Catfish Hunter\hunteca01,4.6,4.5,1965,1976,19-30,304,710,658,60,149,16,3,6,51,8,0,160,0,39,5,10,2,0,.226,.234,.287,.521,*1/H3,KCA-OAK-NYY
83,Reggie Jackson\jacksre01,74.0,35.4,1967,1987,21-41,2820,11418,9864,1551,2584,463,49,563,1702,1375,164,2597,96,13,68,183,228,115,.262,.356,.490,.846,*9D8H/7,KCA-OAK-BAL-NYY-CAL
84,Travis Jackson\jackstr01,43.7,22.4,1922,1936,18-32,1656,6682,6086,833,1768,291,86,135,929,412,,565,10,171,,39,71,13,.291,.337,.433,.770,*65/H94,NYG
85,Hughie Jennings\jennihu01,42.3,23.3,1891,1918,22-49,1284,5648,4895,992,1526,232,88,18,840,347,,234,287,119,,,359,0,.312,.391,.406,.797,*63/49H57,LOU-BLN-BRO-PHI-DET
86,Derek Jeter\jeterde01,71.3,29.9,1995,2014,21-40,2747,12602,11195,1923,3465,544,66,260,1311,1082,39,1840,170,97,58,287,358,97,.310,.377,.440,.817,*6/DH,NYY
87,Randy Johnson\johnsra05,-2.5,-2.5,1988,2009,24-45,273,691,625,20,78,14,0,1,40,19,0,296,2,44,1,10,0,0,.125,.153,.152,.305,*1/7,MON-HOU-SEA-ARI-NYY-SFG
88,Walter Johnson\johnswa01,12.7,12.1,1907,1927,19-39,934,2534,2324,241,547,94,41,24,255,110,,419,13,70,,,13,4,.235,.274,.342,.616,*1H/8974,WSH
89,Chipper Jones\jonesch06,85.3,53.4,1993,2012,21-40,2499,10614,8984,1619,2726,549,38,468,1623,1512,177,1409,18,3,97,253,150,46,.303,.401,.529,.930,*57/H6D9,ATL
90,Addie Joss\jossad01,-2.3,-2.4,1902,1910,22-30,296,919,817,46,118,21,6,1,51,54,,297,1,39,,,10,,.144,.198,.188,.387,*1/385,CLE
91,Al Kaline\kalinal01,92.8,55.6,1953,1974,18-39,2834,11597,10116,1622,3007,498,75,399,1582,1277,133,1020,55,45,104,271,137,65,.297,.376,.480,.855,*98HD3/75,DET
92,Tim Keefe\keefeti01,-2.3,-2.5,1880,1893,23-36,618,2262,2083,248,390,60,38,12,134,175,,411,4,,,,13,,.187,.252,.270,.521,*1/89574,TRO-NYP-NYG-NYI-PHI
93,Willie Keeler\keelewi01,54.3,21.0,1892,1910,20-38,2123,9616,8591,1719,2932,241,145,33,810,524,,136,129,366,,,495,,.341,.388,.415,.802,*9/5H4786,NYG-BLN-BRO-NYY
94,George Kell\kellge01,37.6,15.3,1943,1957,20-34,1795,7529,6702,880,2054,385,50,78,870,621,33,287,36,149,20,188,51,36,.306,.367,.414,.781,*5/3H794,PHA-DET-BOS-CHW-BAL
95,Joe Kelley\kellejo01,50.5,23.0,1891,1908,19-36,1853,8161,7006,1421,2220,358,194,65,1194,911,,430,82,140,,,443,,.317,.402,.451,.853,*783/546H9,BSN-PIT-BLN-BRO-BLA-CIN
96,High Pockets Kelly\kellyge01,24.9,4.2,1915,1932,19-36,1622,6570,5993,819,1778,337,76,148,1020,386,,694,28,158,,,65,43,.297,.342,.452,.794,*34/H79851,PIT-NYG-CIN-CHC-BRO
97,King Kelly\kellyki01,47.0,25.7,1878,1893,20-35,1456,6457,5896,1357,1813,359,102,69,950,549,,418,12,,,,368,,.307,.368,.438,.806,*92/5643187,CIN-CHC-BSN-CKK-BOS-NYG
98,Harmon Killebrew\killeha01,60.4,28.2,1954,1975,18-39,2435,9833,8147,1283,2086,290,24,573,1584,1559,160,1699,48,0,77,243,19,18,.256,.376,.509,.884,357DH/49,WSH-MIN-KCR
99,Ralph Kiner\kinerra01,47.9,24.3,1946,1955,23-32,1472,6256,5205,971,1451,216,39,369,1015,1011,90,749,24,9,7,126,22,18,.279,.398,.548,.946,*7/83H,PIT-CHC-CLE
100,Chuck Klein\kleinch01,46.0,22.9,1928,1944,23-39,1753,7172,6486,1168,2076,398,74,300,1201,601,2,521,12,69,,55,79,2,.320,.379,.543,.922,*97H/83,CHC-PIT-PHI
101,Nap Lajoie\lajoina01,107.3,67.8,1896,1916,21-41,2480,10468,9590,1504,3243,657,163,82,1599,516,,347,134,221,,,380,26,.338,.380,.466,.846,*43/6H5978,PHI-PHA-CLE
102,Barry Larkin\larkiba01,70.5,42.5,1986,2004,22-40,2180,9057,7937,1329,2340,441,76,198,960,939,66,817,55,59,67,178,379,77,.295,.371,.444,.815,*6H/4D,CIN
103,Tony Lazzeri\lazzeto01,47.3,20.9,1926,1939,22-35,1740,7314,6297,986,1840,334,115,178,1194,869,,864,21,116,,8,148,79,.292,.380,.467,.846,*45/6H73,NYY-CHC-BRO-NYG
104,Bob Lemon\lemonbo01,10.7,10.3,1941,1958,20-37,615,1330,1183,148,274,54,9,37,147,93,0,241,2,49,3,9,2,1,.232,.288,.386,.674,*1H/859,CLE
105,Freddie Lindstrom\lindsfr01,27.5,8.5,1924,1936,18-30,1438,6109,5611,895,1747,301,81,103,779,334,,276,13,146,,35,84,10,.311,.351,.449,.800,*587/9H46,NYG-PIT-CHC-BRO
106,Ernie Lombardi\lombaer01,39.5,18.0,1931,1947,23-39,1853,6353,5855,601,1792,277,27,190,990,430,50,262,46,18,,261,8,4,.306,.358,.460,.818,*2H,BRO-CIN-BSN-NYG
107,Ted Lyons\lyonste01,3.6,3.3,1923,1946,22-45,705,1729,1563,162,364,49,9,5,149,73,0,201,7,83,,9,0,1,.233,.270,.285,.556,*1H/9,CHW
108,Mickey Mantle\mantlmi01,110.2,79.3,1951,1968,19-36,2401,9910,8102,1676,2415,344,72,536,1509,1733,148,1710,13,14,47,113,153,38,.298,.421,.557,.977,*8397H/645,NYY
109,Heinie Manush\manushe01,47.2,16.9,1923,1939,21-37,2008,8422,7654,1288,2524,491,160,110,1183,506,,345,70,186,,11,113,59,.330,.377,.479,.856,*78H9/3,DET-SLB-WSH-BOS-BRO-PIT
110,Rabbit Maranville\maranra01,42.9,7.7,1912,1935,20-43,2670,11260,10078,1256,2605,380,177,28,884,839,,756,39,300,,21,291,112,.258,.318,.340,.658,*64/H5,PIT-CHC-BRO-STL-BSN
111,Edgar Martinez\martied01,68.4,38.5,1987,2004,24-41,2055,8674,7213,1219,2247,514,15,309,1261,1283,113,1202,89,10,77,190,49,30,.312,.418,.515,.933,*D5/H3,SEA
112,Eddie Mathews\matheed01,96.2,58.4,1952,1968,20-36,2391,10101,8537,1509,2315,354,72,512,1453,1444,142,1487,26,36,58,123,68,39,.271,.376,.509,.885,*53/H7,BSN-MLN-ATL-HOU-DET
113,Christy Mathewson\mathech01,6.2,6.1,1900,1916,19-35,647,1900,1687,151,362,50,12,7,167,116,,218,17,69,,,20,1,.215,.272,.271,.543,*1/397H,CIN-NYG
114,Willie Mays\mayswi01,156.2,110.1,1951,1973,20-42,2992,12497,10881,2062,3283,523,140,660,1903,1464,214,1526,44,13,91,251,338,103,.302,.384,.557,.941,*8H/39675,NYG-SFG-NYM
115,Bill Mazeroski\mazerbi01,36.5,5.1,1956,1972,19-35,2163,8379,7755,769,2016,294,62,138,853,447,110,706,20,87,70,194,27,23,.260,.299,.367,.667,*4/H5,PIT
116,Tommy McCarthy\mccarto01,16.2,0.2,1884,1896,20-32,1273,5739,5120,1066,1493,191,53,44,732,536,,185,50,33,,,468,,.292,.364,.375,.740,*97/45861,BOS-PHI-STL-BSN-BRO
117,Willie McCovey\mccovwi01,64.5,30.5,1959,1980,21-42,2588,9692,8197,1229,2211,353,46,521,1555,1345,260,1550,69,5,70,176,26,22,.270,.374,.515,.889,*3H7/9D,SFG-OAK-SDP
118,Joe McGinnity\mcginjo01,-2.9,-3.1,1899,1908,28-37,477,1424,1297,109,251,21,10,0,90,34,,158,11,81,,,26,,.194,.221,.225,.446,*1/98745,BLN-BRO-BLA-NYG
119,Bid McPhee\mcphebi01,52.5,25.0,1882,1899,22-39,2138,9429,8304,1684,2258,303,189,53,1072,982,,377,87,56,,,568,,.272,.355,.373,.728,*4/985,CIN
120,Joe Medwick\medwijo01,54.3,26.9,1932,1948,20-36,1984,8143,7635,1198,2471,540,113,205,1383,437,39,551,26,44,,203,42,16,.324,.362,.505,.867,*7H/938,STL-BRO-NYG-BSN
121,Johnny Mize\mizejo01,71.3,45.1,1936,1953,23-40,1884,7372,6443,1118,2011,367,83,359,1337,856,70,524,52,20,,99,28,6,.312,.397,.562,.959,*3H/9,STL-NYG-NYY
122,Paul Molitor\molitpa01,75.7,37.4,1978,1998,21-41,2683,12167,10835,1782,3319,605,114,234,1307,1094,100,1244,47,75,109,209,504,131,.306,.369,.448,.817,D543/68H79,MIL-TOR-MIN
123,Joe Morgan\morgajo02,100.5,63.4,1963,1984,19-40,2649,11329,9277,1650,2517,449,96,268,1133,1865,76,1015,40,51,96,105,689,162,.271,.392,.427,.819,*4H/7D58,HOU-CIN-SFG-PHI-OAK
124,Jack Morris\morrija02,-0.1,-0.1,1979,1988,24-33,23,1,1,4,0,0,0,0,0,0,0,0,0,0,0,0,0,0,.000,.000,.000,.000,*1/*HD,DET
125,Eddie Murray\murraed02,68.7,27.4,1977,1997,21-41,3026,12817,11336,1627,3255,560,35,504,1917,1333,222,1516,18,2,128,315,110,43,.287,.359,.476,.836,*3D/H57,LAD-NYM-CLE-BAL-ANA
126,Stan Musial\musiast01,128.3,81.8,1941,1963,20-42,3026,12721,10972,1949,3630,725,177,475,1951,1599,298,696,53,35,53,243,78,71,.331,.417,.559,.976,3798H/1,STL
127,Kid Nichols\nichoki01,-0.4,-0.7,1890,1906,20-36,650,2264,2090,273,472,58,24,16,278,137,,343,12,25,,,19,,.226,.277,.300,.577,*1/7398,BSN-STL-PHI
128,Jim O'Rourke\o'rouji01,52.1,21.9,1872,1904,21-53,1999,9052,8503,1729,2639,468,149,62,1208,513,,362,36,0,,6,229,12,.310,.352,.422,.775,782935/614,MAN-BOS-BSN-PRO-BUF-NYG-NYI-WHS
129,Mel Ott\ottme01,110.7,73.4,1926,1947,17-38,2730,11348,9456,1859,2876,488,72,511,1860,1708,39,896,64,109,,82,89,16,.304,.414,.533,.947,*95H8/74,NYG
130,Jim Palmer\palmeji01,0.9,0.9,1965,1980,19-34,222,537,489,52,85,9,1,3,41,16,0,207,0,31,1,1,1,0,.174,.200,.215,.414,*1/HD,BAL
131,Tony Perez\perezto01,54.0,18.0,1964,1986,22-44,2777,10861,9778,1272,2732,505,79,379,1652,925,150,1867,43,9,106,268,49,33,.279,.341,.463,.804,*35H/D4,CIN-MON-BOS-PHI
132,Mike Piazza\piazzmi01,59.6,35.9,1992,2007,23-38,1912,7745,6911,1048,2127,344,8,427,1335,759,146,1113,30,0,45,229,17,20,.308,.377,.545,.922,*2DH/3,LAD-FLA-NYM-SDP-OAK
133,Kirby Puckett\puckeki01,51.1,25.7,1984,1995,24-35,1783,7831,7244,1071,2304,414,57,207,1085,450,85,965,56,23,58,188,134,76,.318,.360,.477,.837,*89/DH7456,MIN
134,Old Hoss Radbourn\radboch01,2.2,0.6,1880,1891,25-36,653,2654,2487,308,585,64,11,9,259,158,,244,9,,,,26,,.235,.283,.281,.564,*1/9678345,BUF-PRO-BSN-BOS-CIN
135,Tim Raines\raineti01,69.4,35.4,1979,2002,19-42,2502,10359,8872,1571,2605,430,113,170,980,1330,148,966,42,39,76,142,808,146,.294,.385,.425,.810,*7H8D/49,MON-CHW-NYY-OAK-BAL-FLA
136,Pee Wee Reese\reesepe01,68.2,33.6,1940,1958,21-39,2166,9472,8058,1338,2170,330,80,126,885,1210,67,890,26,157,19,176,232,91,.269,.366,.377,.743,*65/H,BRO-LAD
137,Jim Rice\riceji01,47.7,18.9,1974,1989,21-36,2089,9058,8225,1249,2452,373,79,382,1451,670,77,1423,64,5,94,315,58,34,.298,.352,.502,.854,*7D/9H8,BOS
138,Sam Rice\ricesa01,53.4,16.4,1915,1934,25-44,2404,10260,9269,1514,2987,498,184,34,1077,708,,275,56,213,,,351,143,.322,.374,.427,.801,*98H/71,WSH-CLE
139,Cal Ripken Jr.\ripkeca01,95.9,53.5,1981,2001,20-40,3001,12883,11551,1647,3184,603,44,431,1695,1129,107,1305,66,10,127,350,36,39,.276,.340,.447,.788,*65/DH,BAL
140,Phil Rizzuto\rizzuph01,42.0,22.1,1941,1956,23-38,1661,6719,5816,877,1588,239,62,38,563,651,35,398,49,193,2,107,149,58,.273,.351,.355,.706,*6/H4,NYY
141,Brooks Robinson\robinbr01,78.4,39.6,1955,1977,18-40,2896,11782,10654,1232,2848,482,68,268,1357,860,120,990,53,101,114,297,28,22,.267,.322,.401,.723,*5/H46,BAL
142,Frank Robinson\robinfr02,107.2,64.7,1956,1976,20-40,2808,11744,10006,1829,2943,528,72,586,1812,1420,218,1532,198,17,102,270,204,77,.294,.389,.537,.926,97D3H8/5,CIN-BAL-LAD-CAL-CLE
143,Jackie Robinson\robinja02,61.7,39.6,1947,1956,28-37,1382,5804,4877,947,1518,273,54,137,734,740,61,291,72,104,9,113,197,76,.311,.409,.474,.883,*4537/H69,BRO
144,Ivan Rodriguez\rodriiv01,68.7,33.4,1991,2011,19-39,2543,10270,9592,1354,2844,572,51,311,1332,513,67,1474,58,31,76,337,127,64,.296,.334,.464,.798,*2H/D34,TEX-FLA-DET-NYY-HOU-WSN
145,Edd Roush\roushed01,45.1,20.7,1913,1931,20-38,1967,8157,7363,1099,2376,339,182,68,981,484,,260,53,256,,,268,92,.323,.369,.446,.815,*8H/7394,CHW-IND-NEW-CIN-NYG
146,Red Ruffing\ruffire01,13.2,12.4,1924,1947,19-42,882,2084,1937,207,521,98,13,36,273,97,0,266,6,43,,13,1,1,.269,.306,.389,.695,*1H/79,BOS-NYY-CHW
147,Amos Rusie\rusieam01,0.6,0.3,1889,1901,18-30,487,1765,1730,209,429,42,29,8,176,27,,186,6,2,,,25,,.248,.262,.320,.582,*1/9738,IND-NYG-CIN
148,Babe Ruth\ruthba01,162.1,125.5,1914,1935,19-40,2503,10626,8399,2174,2873,506,136,714,2214,2062,,1330,43,113,,2,123,117,.342,.474,.690,1.164,971/H83,BOS-NYY-BSN
149,Ryne Sandberg\sandbry01,68.0,38.5,1981,1997,21-37,2164,9282,8385,1318,2386,403,76,282,1061,761,59,1260,34,31,71,139,344,107,.285,.344,.452,.795,*45/H6D,PHI-CHC
150,Ron Santo\santoro01,70.5,36.8,1960,1974,20-34,2243,9397,8143,1138,2254,365,67,342,1331,1108,94,1343,38,13,94,256,35,41,.277,.362,.464,.826,*5/D4H673,CHC-CHW
151,Ray Schalk\schalra01,33.0,8.8,1912,1929,19-36,1762,6244,5306,579,1345,199,49,11,593,638,,358,59,214,,,177,69,.253,.340,.316,.656,*2/H,CHW-NYG
152,Mike Schmidt\schmimi01,106.9,73.7,1972,1989,22-39,2404,10062,8352,1506,2234,408,59,548,1595,1507,201,1883,79,16,108,156,174,92,.267,.380,.527,.908,*53/H64,PHI
153,Red Schoendienst\schoere01,44.2,10.4,1945,1963,22-40,2216,9224,8479,1223,2449,427,78,84,773,606,30,346,21,97,19,180,89,60,.289,.337,.387,.724,*4H7/658,STL-NYG-MLN
154,Joe Sewell\seweljo01,53.9,23.2,1920,1933,21-34,1903,8333,7132,1141,2226,436,68,49,1054,842,,114,80,275,,,74,72,.312,.391,.413,.804,*65/H4,CLE-NYY
155,Al Simmons\simmoal01,68.0,34.0,1924,1944,22-42,2215,9520,8759,1507,2927,539,149,307,1828,615,2,737,30,111,,23,88,65,.334,.380,.535,.915,*78/H93,PHA-CHW-DET-WSH-BSN-CIN-BOS
156,Ted Simmons\simmote01,50.3,19.0,1968,1988,18-38,2456,9685,8680,1074,2472,483,47,248,1389,855,188,694,39,11,100,287,21,33,.285,.348,.437,.785,*2DH3/759,STL-MIL-ATL
157,George Sisler\sislege01,54.0,22.5,1915,1930,22-37,2055,9018,8267,1284,2812,425,164,102,1178,472,,327,48,226,,,375,127,.340,.379,.468,.847,*3/H197845,SLB-WSH-BSN
158,Enos Slaughter\slaugen01,57.0,24.1,1938,1959,22-43,2380,9087,7946,1247,2383,413,148,169,1304,1018,103,538,37,73,10,139,71,55,.300,.382,.453,.834,*97H/8,STL-KCA-MLN-NYY
159,Ozzie Smith\smithoz01,76.9,42.1,1978,1996,23-41,2573,10778,9396,1257,2460,402,69,28,793,1072,79,589,33,214,63,167,580,148,.262,.337,.328,.666,*6/H,SDP-STL
160,Duke Snider\snidedu01,66.0,34.9,1947,1964,20-37,2143,8237,7161,1259,2116,358,85,407,1333,971,154,1237,21,52,32,166,99,73,.295,.380,.540,.919,*89H/7,BRO-LAD-NYM-SFG
161,Tris Speaker\speaktr01,134.3,88.8,1907,1928,19-40,2789,12020,10195,1882,3514,792,222,117,1531,1381,,393,103,309,,,436,157,.345,.428,.500,.928,*8/H3971,BOS-CLE-WSH-PHA
162,Willie Stargell\stargwi01,57.5,26.6,1962,1982,22-42,2360,9027,7927,1194,2232,423,55,475,1540,937,227,1936,78,9,75,143,17,16,.282,.360,.529,.889,*73H/98,PIT
163,Bill Terry\terrybi01,55.8,33.5,1923,1936,24-37,1721,7111,6428,1120,2193,373,112,154,1078,537,,449,9,137,,38,56,6,.341,.393,.506,.899,*3H/97,NYG
164,Frank Thomas\thomafr04,73.8,39.3,1990,2008,22-40,2322,10075,8199,1494,2468,495,12,521,1704,1667,168,1397,87,0,121,226,32,23,.301,.419,.555,.974,*D3/H,CHW-TOR-OAK
165,Jim Thome\thomeji01,72.9,37.6,1991,2012,20-41,2543,10313,8422,1583,2328,451,26,612,1699,1747,173,2548,69,1,74,165,19,20,.276,.402,.554,.956,3D5H,CLE-CHW-LAD-MIN-BAL-PHI
166,Sam Thompson\thompsa01,44.4,22.5,1885,1906,25-46,1410,6526,5998,1261,1988,343,161,126,1308,452,,234,63,13,,,232,,.331,.384,.505,.890,*9/783,DTN-PHI-DET
167,Joe Tinker\tinkejo01,53.2,30.5,1902,1916,21-35,1806,7166,6441,774,1690,263,114,31,785,416,,526,10,285,,,336,12,.262,.308,.353,.661,*6/5H49,CHC-CIN-CHI
168,Alan Trammell\trammal01,70.7,40.4,1977,1996,19-38,2293,9376,8288,1231,2365,412,55,185,1003,850,48,874,37,124,76,156,236,109,.285,.352,.415,.767,*6/HD5478,DET
169,Pie Traynor\traynpi01,37.3,11.3,1920,1937,21-38,1941,8298,7559,1183,2416,371,164,58,1273,472,,278,31,231,,47,158,46,.320,.362,.435,.797,*5/6H3,PIT
170,Arky Vaughan\vaughar01,78.0,52.3,1932,1948,20-36,1817,7723,6622,1173,2103,356,128,96,926,937,22,276,46,116,,70,118,18,.318,.406,.453,.859,*65H/74,PIT-BRO
171,Rube Waddell\wadderu01,-2.5,-2.5,1897,1910,20-33,410,1139,1066,61,172,29,10,4,83,42,,300,6,23,,,6,,.161,.197,.219,.416,*1/3,LOU-PIT-CHC-PHA-SLB
172,Honus Wagner\wagneho01,130.9,91.8,1897,1917,23-43,2794,11756,10439,1739,3420,643,252,101,1732,963,,735,125,221,,,723,26,.328,.391,.467,.858,*6935/84H71,LOU-PIT
173,Larry Walker\walkela01,72.7,48.3,1989,2005,22-38,1988,8030,6907,1355,2160,471,62,383,1311,913,117,1231,138,7,65,153,230,76,.313,.400,.565,.965,*9H/387D45,MON-COL-STL
174,Bobby Wallace\wallabo01,70.3,34.9,1894,1918,20-44,2383,9625,8618,1057,2309,391,143,34,1121,774,,560,47,173,,,201,10,.268,.332,.358,.690,*65/14H9873,CLV-STL-SLB
175,Ed Walsh\walshed01,2.1,2.0,1904,1917,23-36,459,1173,1085,92,210,38,10,3,68,46,,282,7,30,,,14,1,.194,.231,.255,.486,*1/H798,CHW-BSN
176,Lloyd Waner\wanerll01,27.9,1.7,1927,1945,21-39,1993,8337,7772,1201,2459,281,118,27,598,420,0,173,26,108,,57,67,3,.316,.353,.393,.747,*8H7/945,PIT-CIN-BSN-PHI-BRO
177,Paul Waner\wanerpa01,73.9,39.8,1926,1945,23-42,2549,10767,9459,1627,3152,605,191,113,1309,1091,5,376,38,174,,127,104,6,.333,.404,.473,.878,*9H/378,PIT-BSN-BRO-NYY
178,John Ward\wardjo01,34.3,11.1,1878,1894,18-34,1827,8114,7656,1410,2107,231,96,26,869,421,,326,17,20,,,540,,.275,.314,.341,.655,64189/57,PRO-BWW-BRO-NYG
179,Mickey Welch\welchmi01,-0.8,-1.3,1880,1892,20-32,607,2286,2201,268,492,93,16,12,202,82,,329,3,,,,10,,.224,.252,.297,.549,*1/897,TRO-NYG
180,Zack Wheat\wheatza01,60.1,28.3,1909,1927,21-39,2410,10007,9106,1289,2884,476,172,132,1248,650,,572,77,163,,,205,69,.317,.367,.450,.817,*7/H98,BRO-PHA
181,Deacon White\whitede01,45.7,22.1,1871,1890,23-42,1560,6973,6624,1140,2067,270,98,24,988,308,,221,41,,,8,70,9,.312,.346,.393,.740,*5293/47861,CLE-BOS-CHC-BSN-CIN-BUF-DTN-PIT
182,Billy Williams\willibi01,63.7,27.1,1959,1976,21-38,2488,10519,9350,1410,2711,434,88,426,1475,1045,182,1046,43,8,73,200,90,49,.290,.361,.492,.853,*79D/3H8,CHC-OAK
183,Ted Williams\willite01,121.9,92.9,1939,1960,20-41,2292,9792,7706,1798,2654,525,71,521,1839,2021,243,709,39,5,20,197,24,17,.344,.482,.634,1.116,*79H/1,BOS
184,Vic Willis\willivi01,-3.8,-4.0,1898,1910,22-34,531,1632,1493,107,248,19,4,1,84,81,,199,8,41,,,3,,.166,.213,.186,.399,*1/3H,BSN-PIT-STL
185,Hack Wilson\wilsoha01,38.2,20.7,1923,1934,23-34,1348,5557,4760,884,1461,266,67,244,1063,674,,713,20,102,,15,52,5,.307,.395,.545,.940,*879/H4,NYG-CHC-BRO-PHI
186,Dave Winfield\winfida01,64.2,24.0,1973,1995,21-43,2973,12358,11003,1669,3110,540,88,465,1833,1216,172,1686,25,19,95,319,223,96,.283,.353,.475,.827,*97D8H/35,SDP-NYY-CAL-TOR-MIN-CLE
187,Carl Yastrzemski\yastrca01,96.4,50.2,1961,1983,21-43,3308,13992,11988,1816,3419,646,59,452,1844,1845,190,1393,40,13,105,323,168,116,.285,.379,.462,.841,*73D8/H59,BOS
188,Cy Young\youngcy01,-2.0,-2.1,1890,1911,23-44,918,3104,2960,325,623,87,35,18,290,81,,381,10,50,,,29,,.210,.234,.282,.516,*1/3H,CLV-STL-BOS-CLE-BSN
189,Ross Youngs\youngro01,32.3,15.8,1917,1926,20-29,1211,5337,4627,812,1491,236,93,42,592,550,,390,37,119,,,153,83,.322,.399,.441,.839,*9/4H87,NYG
190,Robin Yount\yountro01,77.3,37.4,1974,1993,18-37,2856,12249,11008,1632,3142,583,126,251,1406,966,95,1350,48,104,123,217,271,105,.285,.342,.430,.772,*68D/7H3,MIL